[
    {
        "lulzScore": 5,
        "name": "Angry School Boy"
    },
    {
        "lulzScore": 6,
        "name": "Courage Wolf"
    },
    {
        "lulzScore": 4,
        "name": "Philosoraptor"
    },
    {
        "lulzScore": 6,
        "name": "Slow poke"
    },
    {
        "lulzScore": 4,
        "name": "Socially Awkward Penguin"
    },
    {
        "lulzScore": 6,
        "name": "Art student owl"
    },
    {
        "lulzScore": 4,
        "name": "Anxiety cat"
    },
    {
        "lulzScore": 6,
        "name": "Good dog greg"
    },
    {
        "lulzScore": 4,
        "name": "Chill out lemur"
    },
    {
        "lulzScore": 6,
        "name": "Advice God"
    }
]